-- ============================================================================
-- Seed data: ~50 realistic Indian passenger cars across brands/segments.
--
-- NOT auto-executed on app startup: the datasource is a real, persistent
-- MySQL instance (not embedded), and Spring Boot only auto-runs data.sql
-- for embedded databases unless spring.sql.init.mode=always is set (it is
-- deliberately NOT set here). Run this manually once against the schema
-- after Hibernate (ddl-auto=update) has created the tables, e.g.:
--   mysql -h <host> -P <port> -u <user> -p<password> <database> < data.sql
--
-- Safe to re-run: truncates seed tables first (also resets AUTO_INCREMENT).
-- ============================================================================

SET FOREIGN_KEY_CHECKS = 0;
TRUNCATE TABLE car_pros;
TRUNCATE TABLE car_cons;
TRUNCATE TABLE cars;
SET FOREIGN_KEY_CHECKS = 1;

INSERT INTO cars (id, brand, model, variant, body_type, fuel_type, transmission, price, engine, power, torque, mileage, safety_rating, boot_space, ground_clearance, seat_capacity, review_score, created_at, updated_at) VALUES
(1, 'Maruti Suzuki', 'Alto K10', 'VXi', 'HATCHBACK', 'PETROL', 'MANUAL', 460000, '998cc, 3-cylinder', '66 bhp @ 5500rpm', '89 Nm @ 3500rpm', 24.4, 2, 214, 160, 5, 3.8, NOW(), NOW()),
(2, 'Maruti Suzuki', 'Swift', 'ZXi+ AMT', 'HATCHBACK', 'PETROL', 'AUTOMATIC', 850000, '1197cc, 4-cylinder', '82 bhp @ 6000rpm', '113 Nm @ 4200rpm', 22.4, 4, 268, 163, 5, 4.3, NOW(), NOW()),
(3, 'Maruti Suzuki', 'Baleno', 'Alpha', 'HATCHBACK', 'PETROL', 'AUTOMATIC', 950000, '1197cc, 4-cylinder', '89 bhp @ 6000rpm', '113 Nm @ 4400rpm', 22.9, 3, 355, 170, 5, 4.2, NOW(), NOW()),
(4, 'Maruti Suzuki', 'Dzire', 'ZXi', 'SEDAN', 'PETROL', 'MANUAL', 820000, '1197cc, 4-cylinder', '89 bhp @ 6000rpm', '113 Nm @ 4400rpm', 22.4, 3, 378, 163, 5, 4.1, NOW(), NOW()),
(5, 'Maruti Suzuki', 'Ertiga', 'ZXi', 'MUV', 'PETROL', 'MANUAL', 1150000, '1462cc, 4-cylinder', '103 bhp @ 6000rpm', '136 Nm @ 4400rpm', 19.3, 4, 209, 185, 7, 4.2, NOW(), NOW()),
(6, 'Maruti Suzuki', 'Brezza', 'ZXi+ AT', 'SUV', 'PETROL', 'AUTOMATIC', 1350000, '1462cc, 4-cylinder', '103 bhp @ 6000rpm', '136.8 Nm @ 4400rpm', 19.8, 4, 328, 198, 5, 4.3, NOW(), NOW()),
(7, 'Maruti Suzuki', 'Grand Vitara', 'Alpha+ Hybrid', 'SUV', 'HYBRID', 'AUTOMATIC', 1950000, '1490cc, 4-cylinder Hybrid', '115 bhp @ 5200rpm', '141 Nm @ 4400rpm', 27.97, 5, 373, 210, 5, 4.6, NOW(), NOW()),
(8, 'Maruti Suzuki', 'WagonR', 'CNG LXi', 'HATCHBACK', 'CNG', 'MANUAL', 720000, '998cc, 3-cylinder CNG', '58 bhp @ 5500rpm (CNG)', '78 Nm @ 3400rpm', 25.5, 2, 341, 165, 5, 3.9, NOW(), NOW()),
(9, 'Hyundai', 'Grand i10 Nios', 'Sportz', 'HATCHBACK', 'PETROL', 'MANUAL', 680000, '1197cc, 4-cylinder', '82 bhp @ 6000rpm', '114 Nm @ 4000rpm', 20.7, 3, 260, 165, 5, 4.0, NOW(), NOW()),
(10, 'Hyundai', 'i20', 'Asta AMT', 'HATCHBACK', 'PETROL', 'AUTOMATIC', 1050000, '1197cc, 4-cylinder', '83 bhp @ 6000rpm', '114.7 Nm @ 4200rpm', 20.0, 3, 311, 170, 5, 4.4, NOW(), NOW()),
(11, 'Hyundai', 'Verna', 'SX(O) Turbo', 'SEDAN', 'PETROL', 'AUTOMATIC', 1750000, '1497cc, 4-cylinder Turbo', '160 bhp @ 5500rpm', '253 Nm @ 1500rpm', 19.7, 5, 528, 165, 5, 4.5, NOW(), NOW()),
(12, 'Hyundai', 'Venue', 'SX(O) Turbo', 'SUV', 'PETROL', 'AUTOMATIC', 1450000, '998cc, 3-cylinder Turbo', '118 bhp @ 6000rpm', '172 Nm @ 1500rpm', 18.2, 5, 350, 195, 5, 4.4, NOW(), NOW()),
(13, 'Hyundai', 'Creta', 'SX(O) Diesel AT', 'SUV', 'DIESEL', 'AUTOMATIC', 2150000, '1493cc, 4-cylinder Diesel', '115 bhp @ 4000rpm', '250 Nm @ 1500-2750rpm', 20.3, 5, 433, 190, 5, 4.6, NOW(), NOW()),
(14, 'Hyundai', 'Alcazar', 'Signature 7-Seater', 'SUV', 'DIESEL', 'AUTOMATIC', 2450000, '1493cc, 4-cylinder Diesel', '115 bhp @ 4000rpm', '250 Nm @ 1500-2750rpm', 18.0, 5, 180, 200, 7, 4.3, NOW(), NOW()),
(15, 'Tata', 'Tiago', 'XZ+', 'HATCHBACK', 'PETROL', 'MANUAL', 750000, '1199cc, 3-cylinder', '86 bhp @ 6000rpm', '113 Nm @ 3300rpm', 19.01, 5, 242, 172, 5, 4.2, NOW(), NOW()),
(16, 'Tata', 'Altroz', 'DCA', 'HATCHBACK', 'PETROL', 'AUTOMATIC', 980000, '1199cc, 3-cylinder', '86 bhp @ 6000rpm', '113 Nm @ 3300rpm', 19.33, 5, 345, 165, 5, 4.3, NOW(), NOW()),
(17, 'Tata', 'Nexon', 'Fearless+ S', 'SUV', 'PETROL', 'AUTOMATIC', 1650000, '1199cc, 3-cylinder Turbo', '118 bhp @ 5500rpm', '170 Nm @ 1750-4000rpm', 17.44, 5, 382, 209, 5, 4.5, NOW(), NOW()),
(18, 'Tata', 'Punch', 'Creative+ AMT', 'SUV', 'PETROL', 'AUTOMATIC', 950000, '1199cc, 3-cylinder', '86 bhp @ 6000rpm', '113 Nm @ 3300rpm', 18.82, 5, 366, 187, 5, 4.3, NOW(), NOW()),
(19, 'Tata', 'Harrier', 'XZA+', 'SUV', 'DIESEL', 'AUTOMATIC', 2450000, '1956cc, 4-cylinder Diesel', '170 bhp @ 3750rpm', '350 Nm @ 1750-2500rpm', 16.8, 5, 425, 205, 5, 4.4, NOW(), NOW()),
(20, 'Tata', 'Safari', 'XZA+ 7-Seater', 'SUV', 'DIESEL', 'AUTOMATIC', 2650000, '1956cc, 4-cylinder Diesel', '170 bhp @ 3750rpm', '350 Nm @ 1750-2500rpm', 16.3, 5, 447, 205, 7, 4.4, NOW(), NOW()),
(21, 'Tata', 'Nexon EV Max', 'XZ+', 'SUV', 'ELECTRIC', 'AUTOMATIC', 1900000, 'Permanent Magnet Synchronous Motor', '141 bhp', '250 Nm', 437.0, 5, 350, 190, 5, 4.3, NOW(), NOW()),
(22, 'Mahindra', 'Bolero Neo', 'N10', 'SUV', 'DIESEL', 'MANUAL', 1100000, '1493cc, 3-cylinder Diesel', '100 bhp @ 3750rpm', '260 Nm @ 1600-2200rpm', 17.3, 3, 384, 226, 7, 4.0, NOW(), NOW()),
(23, 'Mahindra', 'Scorpio-N', 'Z8L AT', 'SUV', 'DIESEL', 'AUTOMATIC', 2350000, '2184cc, 4-cylinder Diesel', '172 bhp @ 3750rpm', '400 Nm @ 1750-2750rpm', 15.2, 5, 384, 205, 7, 4.5, NOW(), NOW()),
(24, 'Mahindra', 'XUV700', 'AX7L AT', 'SUV', 'DIESEL', 'AUTOMATIC', 2650000, '2184cc, 4-cylinder Diesel', '185 bhp @ 3500rpm', '450 Nm @ 1750-2750rpm', 16.0, 5, 460, 200, 7, 4.6, NOW(), NOW()),
(25, 'Mahindra', 'Thar', 'LX Hard Top AT', 'SUV', 'DIESEL', 'AUTOMATIC', 1750000, '2184cc, 4-cylinder Diesel', '130 bhp @ 3750rpm', '300 Nm @ 1600-2800rpm', 15.0, 4, 200, 226, 4, 4.4, NOW(), NOW()),
(26, 'Mahindra', 'XUV300', 'W8 AMT', 'SUV', 'PETROL', 'AUTOMATIC', 1250000, '1197cc, 3-cylinder Turbo', '110 bhp @ 5000rpm', '200 Nm @ 2000-3500rpm', 18.5, 5, 257, 180, 5, 4.2, NOW(), NOW()),
(27, 'Kia', 'Sonet', 'HTX+ Turbo DCT', 'SUV', 'PETROL', 'AUTOMATIC', 1350000, '998cc, 3-cylinder Turbo', '120 bhp @ 6000rpm', '172 Nm @ 1500-4000rpm', 18.4, 5, 392, 190, 5, 4.4, NOW(), NOW()),
(28, 'Kia', 'Seltos', 'HTX+ Diesel AT', 'SUV', 'DIESEL', 'AUTOMATIC', 2050000, '1493cc, 4-cylinder Diesel', '115 bhp @ 4000rpm', '250 Nm @ 1500-2750rpm', 18.7, 5, 433, 190, 5, 4.5, NOW(), NOW()),
(29, 'Kia', 'Carens', 'Luxury Plus Diesel', 'MUV', 'DIESEL', 'AUTOMATIC', 2100000, '1493cc, 4-cylinder Diesel', '115 bhp @ 4000rpm', '250 Nm @ 1500-2750rpm', 19.4, 5, 216, 195, 6, 4.4, NOW(), NOW()),
(30, 'Toyota', 'Glanza', 'V CVT', 'HATCHBACK', 'PETROL', 'AUTOMATIC', 1000000, '1197cc, 4-cylinder', '89 bhp @ 6000rpm', '113 Nm @ 4400rpm', 22.35, 3, 339, 170, 5, 4.1, NOW(), NOW()),
(31, 'Toyota', 'Urban Cruiser Hyryder', 'V AT Hybrid', 'SUV', 'HYBRID', 'AUTOMATIC', 2000000, '1462cc, 4-cylinder Hybrid', '116 bhp @ 5600rpm', '141 Nm @ 4400-4800rpm', 27.97, 5, 373, 210, 5, 4.6, NOW(), NOW()),
(32, 'Toyota', 'Innova Hycross', 'ZX Hybrid', 'MUV', 'HYBRID', 'AUTOMATIC', 3100000, '1987cc, 4-cylinder Hybrid', '184 bhp combined', '188 Nm', 23.24, 5, 743, 178, 7, 4.7, NOW(), NOW()),
(33, 'Toyota', 'Fortuner', 'Legender 4x4 AT', 'SUV', 'DIESEL', 'AUTOMATIC', 4500000, '2755cc, 4-cylinder Diesel', '204 bhp @ 3000-3400rpm', '500 Nm @ 1600-2800rpm', 12.55, 5, 296, 224, 7, 4.6, NOW(), NOW()),
(34, 'Honda', 'Amaze', 'VX CVT', 'SEDAN', 'PETROL', 'AUTOMATIC', 1050000, '1199cc, 4-cylinder', '89 bhp @ 6000rpm', '110 Nm @ 4800rpm', 18.6, 4, 420, 165, 5, 4.2, NOW(), NOW()),
(35, 'Honda', 'City', 'ZX CVT', 'SEDAN', 'PETROL', 'AUTOMATIC', 1500000, '1498cc, 4-cylinder', '121 bhp @ 6600rpm', '145 Nm @ 4300rpm', 18.4, 4, 506, 165, 5, 4.5, NOW(), NOW()),
(36, 'Honda', 'Elevate', 'ZX CVT', 'SUV', 'PETROL', 'AUTOMATIC', 1750000, '1498cc, 4-cylinder', '121 bhp @ 6600rpm', '145 Nm @ 4300rpm', 16.92, 5, 458, 220, 5, 4.4, NOW(), NOW()),
(37, 'Renault', 'Kwid', 'RXT AMT', 'HATCHBACK', 'PETROL', 'AUTOMATIC', 620000, '999cc, 3-cylinder', '67 bhp @ 5500rpm', '91 Nm @ 4250rpm', 21.7, 1, 279, 184, 5, 3.6, NOW(), NOW()),
(38, 'Renault', 'Triber', 'RXZ AMT', 'MUV', 'PETROL', 'AUTOMATIC', 850000, '999cc, 3-cylinder', '72 bhp @ 6250rpm', '96 Nm @ 3500rpm', 18.6, 4, 84, 182, 7, 4.0, NOW(), NOW()),
(39, 'Nissan', 'Magnite', 'XV Premium Turbo CVT', 'SUV', 'PETROL', 'AUTOMATIC', 1250000, '999cc, 3-cylinder Turbo', '100 bhp @ 5000rpm', '160 Nm @ 2800-3600rpm', 18.75, 4, 336, 205, 5, 4.1, NOW(), NOW()),
(40, 'Skoda', 'Kushaq', 'Style AT', 'SUV', 'PETROL', 'AUTOMATIC', 1750000, '1498cc, 4-cylinder Turbo', '148 bhp @ 5000-6000rpm', '250 Nm @ 1600-3500rpm', 18.09, 5, 385, 188, 5, 4.5, NOW(), NOW()),
(41, 'Skoda', 'Slavia', 'Style AT', 'SEDAN', 'PETROL', 'AUTOMATIC', 1850000, '1498cc, 4-cylinder Turbo', '148 bhp @ 5000-6000rpm', '250 Nm @ 1600-3500rpm', 18.71, 5, 521, 179, 5, 4.5, NOW(), NOW()),
(42, 'Volkswagen', 'Taigun', 'GT Plus AT', 'SUV', 'PETROL', 'AUTOMATIC', 2050000, '1498cc, 4-cylinder Turbo', '148 bhp @ 5000-6000rpm', '250 Nm @ 1600-3500rpm', 18.01, 5, 385, 188, 5, 4.5, NOW(), NOW()),
(43, 'Volkswagen', 'Virtus', 'GT Plus AT', 'SEDAN', 'PETROL', 'AUTOMATIC', 2000000, '1498cc, 4-cylinder Turbo', '148 bhp @ 5000-6000rpm', '250 Nm @ 1600-3500rpm', 18.67, 5, 521, 179, 5, 4.5, NOW(), NOW()),
(44, 'MG', 'Astor', 'Sharp AT', 'SUV', 'PETROL', 'AUTOMATIC', 1650000, '1349cc, 4-cylinder Turbo', '138 bhp @ 5000rpm', '220 Nm @ 1750-4000rpm', 15.9, 4, 448, 185, 5, 4.2, NOW(), NOW()),
(45, 'MG', 'ZS EV', 'Exclusive', 'SUV', 'ELECTRIC', 'AUTOMATIC', 2450000, 'Permanent Magnet Synchronous Motor', '174 bhp', '280 Nm', 461.0, 5, 448, 177, 5, 4.4, NOW(), NOW()),
(46, 'Jeep', 'Compass', 'Model S Diesel AT', 'SUV', 'DIESEL', 'AUTOMATIC', 3100000, '1956cc, 4-cylinder Diesel', '170 bhp @ 3750rpm', '350 Nm @ 1750-2500rpm', 16.2, 5, 438, 178, 5, 4.4, NOW(), NOW()),
(47, 'Citroen', 'C3', 'Shine Turbo', 'HATCHBACK', 'PETROL', 'MANUAL', 850000, '1199cc, 3-cylinder Turbo', '110 bhp @ 5500rpm', '190 Nm @ 1750rpm', 19.8, 4, 315, 180, 5, 4.0, NOW(), NOW()),
(48, 'Volvo', 'XC40 Recharge', 'Plus', 'SUV', 'ELECTRIC', 'AUTOMATIC', 5650000, 'Twin Permanent Magnet Motors', '402 bhp', '660 Nm', 418.0, 5, 419, 173, 5, 4.6, NOW(), NOW()),
(49, 'BMW', '3 Series', '330Li M Sport', 'SEDAN', 'PETROL', 'AUTOMATIC', 6500000, '1998cc, 4-cylinder Turbo', '255 bhp @ 5000-6500rpm', '400 Nm @ 1550-4400rpm', 16.9, 5, 480, 155, 5, 4.6, NOW(), NOW()),
(50, 'Mercedes-Benz', 'C-Class', 'C300d AT', 'SEDAN', 'DIESEL', 'AUTOMATIC', 6800000, '1993cc, 4-cylinder Diesel', '197 bhp @ 3800rpm', '440 Nm @ 1600-2800rpm', 18.5, 5, 455, 150, 5, 4.6, NOW(), NOW()),
(51, 'Audi', 'Q3', 'Premium Plus TFSI', 'SUV', 'PETROL', 'AUTOMATIC', 4950000, '1984cc, 4-cylinder Turbo', '190 bhp @ 4200-6000rpm', '320 Nm @ 1500-4180rpm', 14.0, 5, 530, 200, 5, 4.4, NOW(), NOW());

INSERT INTO car_pros (car_id, pro) VALUES
(1, 'Affordable'), (1, 'Excellent fuel economy'), (1, 'Easy to maintain'),
(2, 'Fun to drive'), (2, 'Great mileage'), (2, 'Strong resale value'),
(3, 'Spacious cabin'), (3, 'Feature-rich'), (3, 'Good mileage'),
(4, 'Large boot space'), (4, 'Comfortable rear seat'), (4, 'Low running cost'),
(5, 'Spacious 3-row seating'), (5, 'Good ground clearance'), (5, 'Reliable'),
(6, 'Bold styling'), (6, 'Good ground clearance'), (6, 'Feature loaded'),
(7, 'Class-leading mileage'), (7, '5-star safety rating'), (7, 'Refined powertrain'),
(8, 'Lowest running cost'), (8, 'Spacious tall-boy cabin'), (8, 'Factory-fitted CNG reliability'),
(9, 'Feature-rich for the price'), (9, 'Comfortable cabin'), (9, 'Good after-sales support'),
(10, 'Premium interior'), (10, 'Strong feature list'), (10, 'Refined engine'),
(11, 'Turbo performance'), (11, 'ADAS safety features'), (11, 'Premium cabin'),
(12, 'Turbo-petrol performance'), (12, 'Loaded with features'), (12, 'Strong safety rating'),
(13, 'Bestseller with strong resale'), (13, 'Refined diesel engine'), (13, 'Feature-loaded'),
(14, '3-row flexibility'), (14, 'Strong safety rating'), (14, 'Premium interior'),
(15, '5-star safety rating'), (15, 'Strong build quality'), (15, 'Value for money'),
(16, 'Segment-best safety'), (16, 'Largest boot in class'), (16, 'Solid build'),
(17, '5-star Global NCAP rating'), (17, 'Punchy turbo engine'), (17, 'Feature loaded'),
(18, 'High ground clearance'), (18, '5-star safety'), (18, 'Compact and easy to park'),
(19, 'Commanding road presence'), (19, '5-star safety rating'), (19, 'Refined diesel motor'),
(20, 'Flexible 7-seat layout'), (20, 'Strong safety rating'), (20, 'Commanding driving position'),
(21, 'Long real-world range'), (21, '5-star safety rating'), (21, 'Low running cost'),
(22, 'Rugged body-on-frame build'), (22, 'High ground clearance'), (22, 'Strong low-end torque'),
(23, 'Commanding presence'), (23, 'Strong torque'), (23, '5-star safety rating'),
(24, 'Segment-leading features'), (24, 'ADAS Level 2'), (24, 'Powerful engine'),
(25, 'Genuine 4x4 capability'), (25, 'Iconic design'), (25, 'Convertible option'),
(26, '5-star Global NCAP rating'), (26, 'Punchy turbo engine'), (26, 'Solid build'),
(27, 'Sporty design'), (27, 'Feature loaded'), (27, 'Largest boot in class'),
(28, 'Premium cabin'), (28, 'Strong feature list'), (28, 'Refined diesel engine'),
(29, 'Flexible 6/7 seat layout'), (29, 'Premium features'), (29, 'Strong safety rating'),
(30, 'Reliable Toyota badge'), (30, 'Good resale value'), (30, 'Comfortable cabin'),
(31, 'Best-in-class mileage'), (31, 'Reliable hybrid tech'), (31, '5-star safety rating'),
(32, 'Best-in-class comfort'), (32, 'Efficient hybrid powertrain'), (32, 'Strong resale value'),
(33, 'Rugged 4x4 capability'), (33, 'Strong resale value'), (33, 'Powerful diesel engine'),
(34, 'Spacious rear seat'), (34, 'Reliable Honda engine'), (34, 'Comfortable ride'),
(35, 'Refined petrol engine'), (35, 'Premium cabin quality'), (35, 'Strong reliability'),
(36, '5-star safety rating'), (36, 'Honda Sensing ADAS'), (36, 'Spacious cabin'),
(37, 'Affordable pricing'), (37, 'SUV-like styling'), (37, 'Good ground clearance'),
(38, 'Affordable 7-seater'), (38, 'Modular seating'), (38, 'Good ground clearance'),
(39, 'Feature-rich for the price'), (39, 'Good ground clearance'), (39, 'Sporty styling'),
(40, 'European driving dynamics'), (40, 'Strong safety rating'), (40, 'Punchy turbo engine'),
(41, 'Refined turbo-petrol engine'), (41, 'Solid build quality'), (41, 'Strong safety rating'),
(42, 'Sporty handling'), (42, 'Strong safety rating'), (42, 'Premium build quality'),
(43, 'Refined turbo-petrol engine'), (43, 'European build quality'), (43, 'Strong safety rating'),
(44, 'AI-powered voice assistant'), (44, 'ADAS features'), (44, 'Spacious cabin'),
(45, 'Long real-world range'), (45, 'Feature loaded'), (45, '5-star safety rating'),
(46, 'Premium build quality'), (46, 'Strong safety rating'), (46, 'Refined diesel engine'),
(47, 'Comfortable ride quality'), (47, 'High ground clearance'), (47, 'Distinctive design'),
(48, 'Premium build quality'), (48, 'Strong performance'), (48, '5-star Euro NCAP rating'),
(49, 'Sharp handling dynamics'), (49, 'Premium interior quality'), (49, 'Strong performance'),
(50, 'Luxurious cabin'), (50, 'Refined diesel engine'), (50, 'Strong brand prestige'),
(51, 'Premium build quality'), (51, 'Strong performance'), (51, 'Compact SUV practicality');

INSERT INTO car_cons (car_id, con) VALUES
(1, 'Basic interior'), (1, 'Weak highway performance'), (1, 'Low safety rating'),
(2, 'Firm ride quality'), (2, 'Road noise at high speed'),
(3, 'Average safety rating'), (3, 'Firm suspension'),
(4, 'Basic ride quality'), (4, 'Road noise'),
(5, 'Underpowered with full load'), (5, 'Basic infotainment'),
(6, 'No diesel option'), (6, 'Firm ride'),
(7, 'Premium pricing'), (7, 'Hybrid battery weight'),
(8, 'Reduced boot space with CNG tank'), (8, 'Power loss in CNG mode'),
(9, 'Average ride at highway speed'), (9, 'Rear seat width'),
(10, 'Firm low-speed ride'), (10, 'Pricey top variants'),
(11, 'Firm suspension'), (11, 'High-end variants expensive'),
(12, 'Turbo lag at low rpm'), (12, 'Firm ride'),
(13, 'Expensive top trims'), (13, 'Diesel clatter at idle'),
(14, 'Third row cramped'), (14, 'Heavy at low speed'),
(15, 'Engine refinement'), (15, 'Rear AC vents missing in lower trims'),
(16, 'No manual+turbo combo'), (16, 'Modest performance'),
(17, 'Firm ride'), (17, 'Rear headroom'),
(18, 'Modest power'), (18, 'Road noise'),
(19, 'Heavy steering at parking speed'), (19, 'No petrol option'),
(20, 'Heavy at low speed'), (20, 'Third row best for children'),
(21, 'Charging infra dependency'), (21, 'Higher upfront cost'),
(22, 'Basic interior'), (22, 'Truck-like ride'),
(23, 'Heavy fuel consumption'), (23, 'Large turning radius'),
(24, 'Long waiting periods'), (24, 'Firm low-speed ride'),
(25, 'Compromised on-road comfort'), (25, 'Limited boot space'),
(26, 'Smaller boot space'), (26, 'Firm ride'),
(27, 'Firm low-speed ride'), (27, 'Turbo lag'),
(28, 'Expensive top trims'), (28, 'Firm suspension'),
(29, 'Diesel-only in top trims'), (29, 'Firm ride'),
(30, 'Rebadged Maruti'), (30, 'Firm suspension'),
(31, 'Premium pricing'), (31, 'Hybrid battery weight'),
(32, 'Expensive top trims'), (32, 'Large footprint'),
(33, 'High fuel consumption'), (33, 'Premium pricing'),
(34, 'Dated exterior design'), (34, 'Limited features'),
(35, 'No diesel option'), (35, 'Firm rear suspension'),
(36, 'No diesel/hybrid option'), (36, 'Firm ride'),
(37, 'Poor safety rating'), (37, 'Basic interior quality'),
(38, 'Underpowered engine'), (38, 'Small boot with all seats up'),
(39, 'Turbo lag'), (39, 'Firm ride'),
(40, 'Firm ride'), (40, 'Premium fuel requirement'),
(41, 'Firm suspension'), (41, 'Premium pricing'),
(42, 'Firm ride'), (42, 'Expensive top trims'),
(43, 'Firm suspension'), (43, 'Premium pricing'),
(44, 'Average fuel efficiency'), (44, 'Firm ride'),
(45, 'Higher upfront cost'), (45, 'Limited charging infra'),
(46, 'Expensive maintenance'), (46, 'Firm ride'),
(47, 'Limited service network'), (47, 'Basic infotainment'),
(48, 'Very high upfront cost'), (48, 'Limited charging infra'),
(49, 'Very high upfront cost'), (49, 'Expensive maintenance'),
(50, 'Very high upfront cost'), (50, 'Expensive maintenance'),
(51, 'Very high upfront cost'), (51, 'Firm ride');
